{"usdt": 9992.002397322976, "holdings": {"SHORT_BTC": 0.05893776466739946, "SHORT_ETH": 2.028919059160158, "SHORT_XRP": 2818.9510430967975, "SHORT_SOL": 47.09711165182822}}